,completeness,test_validity,generation_time,memory_usage,llm_uc_score,llm_tc_score,perplexity,coherence,readability,num_runs,composite_score,rank
gemma_7b_it_4bit,1,1,0.9192930249936202,0.8758118429930417,0.9374999999999992,0.8181818181818188,0.5343724720920926,0.0,1.0,2,0.787239906473397,2.0
Meta-Llama-3-8B-Instruct,1,1,0.903935121825685,0.0,1.0,0.5454545454545453,0.7703554271853996,0.37648500618099145,0.9160064074770121,2,0.7235818342359592,4.0
Falcon3-7B-Base,1,1,0.0,1.0,0.0,0.8636363636363633,1.0,0.7532193452879554,0.9311622235830845,2,0.7275575480563781,3.0
mistral,1,1,1.0,0.7004086898746891,1.0,1.0,0.0,1.0,0.48480708307091347,2,0.798357308105067,1.0
Qwen2-7B-Instruct,1,1,0.9128451723753283,0.5011253779158105,0.9374999999999992,0.0,0.08286303193136635,0.052789171968864575,0.0,2,0.4985691949101521,5.0
