,completeness,test_validity,generation_time,memory_usage,llm_uc_score,llm_tc_score,perplexity,coherence,readability,num_runs,composite_score,rank
gemma_7b_it_4bit,1.0,1.0,1402.0496886968613,254.45703125,9.95,7.75,15.95645785331726,0.1449321284890175,63.95849542722919,2,0.787239906473397,2.0
Meta-Llama-3-8B-Instruct,1.0,1.0,1431.3575896024704,1582.93359375,10.0,7.449999999999999,13.372114896774292,0.18566890805959702,61.28013385928105,2,0.7235818342359592,4.0
Falcon3-7B-Base,1.0,1.0,3156.361366868019,66.08203125,9.2,7.799999999999999,10.857186079025269,0.226432666182518,61.763417811902606,2,0.7275575480563781,3.0
mistral,1.0,1.0,1248.0343911647797,520.517578125,10.0,7.949999999999999,21.80858278274536,0.2531350553035736,47.530183846148645,2,0.798357308105067,1.0
Qwen2-7B-Instruct,1.0,1.0,1414.3542997837067,822.80078125,9.95,6.85,20.901116847991943,0.15064407140016556,32.07080628933328,2,0.4985691949101521,5.0
