,completeness,test_validity,generation_time,memory_usage,llm_uc_score,llm_tc_score,perplexity,coherence,readability,num_runs,composite_score,rank
stablelm_3b,1,1,0.9513978093080298,0.9975166964765233,1.0,1.0,0.692331996147621,0.047760630256289,0.8946709499801526,1,0.842630898018735,1.0
phi2,1,1,0.0,0.0,1.0,0.9230769230769229,0.9375322275396057,0.0,1.0,1,0.6511787945129476,4.0
opt_1.3b,1,1,1.0,0.9950684712785123,0.0,0.9487179487179487,0.0,1.0,0.0,1,0.6604207133329401,3.0
tinyllama,1,1,0.9357120618891741,0.8556918010260612,0.7343750000000001,0.7435897435897436,1.0,0.13120905795325177,0.9646333294086674,1,0.8183567770963222,2.0
pythia_1b,1,1,0.9767586468856657,1.0,0.0,0.0,0.0,1.0,0.0,1,0.5529731829872961,5.0
