,completeness,test_validity,generation_time,memory_usage,llm_uc_score,llm_tc_score,perplexity,coherence,readability,num_runs,composite_score,rank
stablelm_3b,1.0,1.0,82.68302655220032,47.37890625,10.0,8.0,24.146965980529785,0.21563675999641418,57.496941817734054,1,0.842630898018735,1.0
phi2,1.0,1.0,426.53199577331543,9711.4609375,10.0,7.699999999999999,10.092716217041016,0.1762961447238922,59.75404250792916,1,0.6511787945129476,4.0
opt_1.3b,1.0,1.0,65.1174898147583,71.09765625,3.6,7.8,63.82966423034668,1.0,38.32500000000003,1,0.6604207133329401,3.0
tinyllama,1.0,1.0,88.35208320617676,1421.3984375,8.3,7.0,6.5122233629226685,0.28437355160713196,58.996168620463564,1,0.8183567770963222,2.0
pythia_1b,1.0,1.0,73.51725196838379,23.3203125,3.6,4.1,63.82966423034668,1.0,38.32500000000003,1,0.5529731829872961,5.0
